Elizabeth,English,Montserrat,Jigglypuff,Battlefield,955-70-8767,Tour manager,Montserrat,OH,Cardenasberg,43684
Crystal,Mckinney,New Zealand,Ice Climbers,Yoshi's Story,909-91-8858,Theatre manager,New Zealand,KS,North Amanda,67406
Brandon,Tucker,Kuwait,Peach,Final Destination,921-94-2769,Engineering geologist,Kuwait,WI,Deniseberg,53723
Latasha,Jackson,New Caledonia,Captain Falcon,Final Destination,992-98-6673,"Research officer, political party",New Caledonia,CA,Gatesborough,93941
Christopher,Johnson,Congo,Captain Falcon,Dreamland N64,991-97-2524,Systems developer,Congo,NC,West Reneeton,28668
Gabriel,Walter,Iraq,Captain Falcon,Final Destination,914-98-0453,Physiotherapist,Iraq,SC,West Dawnborough,29802
Jill,Smith,Bermuda,Young Link,Yoshi's Story,961-97-3143,"Designer, textile",Bermuda,KS,Simmonsview,67604
Pamela,Underwood,Dominica,Jigglypuff,Yoshi's Story,939-85-2604,Dispensing optician,Dominica,UT,West Hector,84183
Daniel,Wilson,Eritrea,Marth,Battlefield,971-79-8319,"Librarian, public",Eritrea,MN,East Juan,56472
Daniel,Williams,Grenada,Fox,Fountain of Dreams,995-82-8790,Manufacturing engineer,Grenada,DC,Mccormickview,20009
Scott,Petersen,Gabon,Luigi,Yoshi's Story,978-76-1674,"Optician, dispensing",Gabon,NV,Patriciaberg,89340
Susan,Gates,Korea,Peach,Dreamland N64,915-96-4957,Veterinary surgeon,Korea,ND,Donaldstad,58418
George,Chavez,Swaziland,Falco,Dreamland N64,910-84-4277,Commissioning editor,Swaziland,MS,Lake Billy,39182
James,Burnett,Saint Vincent and the Grenadines,Sheik,Final Destination,905-75-9394,Product designer,Saint Vincent and the Grenadines,IL,Ryanburgh,61780
Angela,Preston,Romania,Luigi,Final Destination,944-88-0712,Mudlogger,Romania,MS,New Brandi,38936
Brenda,Watkins,Latvia,Marth,Final Destination,913-96-1419,Nature conservation officer,Latvia,DE,Lake Alec,19806
Natalie,Estes,Portugal,Sheik,Yoshi's Story,936-94-8926,Arts development officer,Portugal,CT,Cookchester,06181
Christopher,Garcia,Malawi,Ice Climbers,Dreamland N64,940-84-7250,"Teacher, secondary school",Malawi,AK,Bridgesmouth,99649
Jeffery,Shelton,Western Sahara,Ganondorf,Dreamland N64,971-95-5449,Clinical molecular geneticist,Western Sahara,AZ,South Christophertown,85627
Catherine,Paul,Malawi,Sheik,Battlefield,912-83-5882,Ecologist,Malawi,MS,Lake Courtney,39736
Vanessa,Sanders,Kuwait,Sheik,Yoshi's Story,994-90-2139,Holiday representative,Kuwait,SC,Lake Juan,29703
Brian,Garner,Dominican Republic,Sheik,Battlefield,966-77-3328,Maintenance engineer,Dominican Republic,SD,Christinahaven,57251
Charles,Hunt,Montserrat,Ganondorf,Final Destination,967-76-7564,Podiatrist,Montserrat,ME,Lake Ericmouth,04834
Patrick,Garza,Gabon,Captain Falcon,Battlefield,999-84-8609,Hospital doctor,Gabon,KS,Brittanyshire,67653
Curtis,Harrison,China,Ganondorf,Final Destination,970-96-1595,"Merchandiser, retail",China,VT,Clarkberg,05363
Brenda,Cook,Bangladesh,Jigglypuff,Fountain of Dreams,937-72-8690,"Accountant, chartered public finance",Bangladesh,ID,Port Rodneyton,83449
Hayley,Morgan,Bulgaria,Peach,Battlefield,950-92-9205,"Pilot, airline",Bulgaria,ID,Gonzalezshire,83572
Tyrone,Young,Argentina,Luigi,Battlefield,950-79-6961,Ambulance person,Argentina,OK,North Ianton,73068
Jennifer,Ford,Jersey,Jigglypuff,Battlefield,948-88-2072,Solicitor,Jersey,NV,South Dawnton,89224
William,Hansen,Macao,Ganondorf,Final Destination,956-78-4980,Estate agent,Macao,HI,West Brianbury,96816
Jonathan,Schneider,Palestinian Territory,Peach,Final Destination,989-83-7049,Purchasing manager,Palestinian Territory,NM,South Rickyside,87056
Scott,Raymond,Seychelles,Peach,Dreamland N64,958-84-3087,Arts administrator,Seychelles,VA,South Roberttown,20041
Nicholas,Wright,Niue,Fox,Final Destination,934-72-8155,Teaching laboratory technician,Niue,OR,Garzamouth,97622
Valerie,Cohen,Poland,Falco,Dreamland N64,934-91-2833,Occupational psychologist,Poland,AL,Amyhaven,36162
John,Casey,Iceland,Jigglypuff,Yoshi's Story,953-80-7761,Speech and language therapist,Iceland,MA,Anthonytown,01763
Joel,Thomas,Kenya,Ganondorf,Fountain of Dreams,985-98-2967,Chief Strategy Officer,Kenya,AR,Donland,71673
Lacey,Allen,Saint Pierre and Miquelon,Sheik,Dreamland N64,999-96-8710,Graphic designer,Saint Pierre and Miquelon,NH,South Dustinbury,03879
Mike,Williams,Cyprus,Ganondorf,Fountain of Dreams,916-81-4032,"Surveyor, insurance",Cyprus,SC,North Alexandra,29085
Lori,Holloway,Sudan,Fox,Final Destination,971-86-2178,Mechanical engineer,Sudan,SC,Raymondmouth,29341
Stephen,Dickerson,Sudan,Luigi,Final Destination,967-80-6012,Museum/gallery curator,Sudan,ND,Anthonyberg,58812
Michael,Weaver,Cyprus,Peach,Fountain of Dreams,934-79-9049,Merchant navy officer,Cyprus,DC,Davisville,20007
Aaron,Carson,Sao Tome and Principe,Captain Falcon,Yoshi's Story,977-75-7919,Careers adviser,Sao Tome and Principe,SC,East Jeremyberg,29188
Benjamin,Lopez,Paraguay,Marth,Yoshi's Story,917-91-2832,"Conservator, museum/gallery",Paraguay,ID,Mooretown,83245
Kyle,Cooper,Norfolk Island,Ganondorf,Yoshi's Story,960-85-6793,Geochemist,Norfolk Island,CO,South Tracymouth,81287
Edgar,Nguyen,Kyrgyz Republic,Peach,Dreamland N64,951-98-0712,Lawyer,Kyrgyz Republic,PA,West Josemouth,15644
Tiffany,Moore,Zambia,Marth,Pokemon Stadium,923-88-9897,Adult guidance worker,Zambia,NV,South Connie,89335
Donna,Melton,Mozambique,Young Link,Dreamland N64,959-92-9850,Trade union research officer,Mozambique,MI,Lake Sheila,48326
Colleen,Hicks,Gambia,Ganondorf,Final Destination,962-90-8020,"Buyer, retail",Gambia,UT,West Thomasville,84126
Derek,Lopez,Ghana,Jigglypuff,Dreamland N64,928-81-9499,Gaffer,Ghana,NY,Laurentown,06390
Krista,Joseph,Nauru,Falco,Yoshi's Story,983-75-6378,Associate Professor,Nauru,HI,Brittanymouth,96826
Stephanie,Ramirez,Libyan Arab Jamahiriya,Captain Falcon,Pokemon Stadium,990-99-7339,Technical brewer,Libyan Arab Jamahiriya,WV,East Alan,26847
Sarah,Decker,Saint Kitts and Nevis,Ice Climbers,Dreamland N64,931-94-4277,Environmental education officer,Saint Kitts and Nevis,KY,Ashleyfort,40647
Evelyn,Castro,Faroe Islands,Sheik,Final Destination,959-70-7466,"Scientist, research (physical sciences)",Faroe Islands,MI,Darrenhaven,48831
Jacob,Leblanc,Korea,Captain Falcon,Final Destination,928-71-5387,"Administrator, education",Korea,PA,North Barry,19373
Michael,Foster,Ecuador,Ganondorf,Dreamland N64,983-91-8317,Quality manager,Ecuador,DE,West Jill,19722
Sharon,Brown,Cook Islands,Marth,Pokemon Stadium,985-91-9823,Museum/gallery curator,Cook Islands,SD,Victoriafurt,57180
Jessica,Martinez,Zambia,Young Link,Fountain of Dreams,913-77-3651,Astronomer,Zambia,IL,North Tommyside,61395
Larry,Powell,Albania,Peach,Battlefield,940-72-1035,Facilities manager,Albania,WA,Johnsonside,98592
Jacob,Martinez,Guernsey,Young Link,Pokemon Stadium,909-98-1392,Furniture conservator/restorer,Guernsey,LA,Lake Jessicaland,71012
Robin,Miller,Greenland,Captain Falcon,Battlefield,976-97-7764,"Engineer, mining",Greenland,SC,Port Dakotahaven,29687
Alexandra,Martinez,Qatar,Ice Climbers,Pokemon Stadium,914-90-2075,Learning mentor,Qatar,NC,Hahnview,27927
Darryl,Diaz,Maldives,Jigglypuff,Dreamland N64,981-81-9957,Recruitment consultant,Maldives,ND,Zunigaport,58215
Phillip,Schneider,Kiribati,Captain Falcon,Final Destination,936-88-4836,"Engineer, production",Kiribati,IN,Clarkebury,47473
Jacob,King,Sudan,Sheik,Final Destination,933-94-4751,Architectural technologist,Sudan,NE,Kennedyborough,68063
Sarah,Leonard,Samoa,Peach,Fountain of Dreams,959-77-6394,Human resources officer,Samoa,LA,Schmidtton,70864
Robert,Clark,Botswana,Young Link,Pokemon Stadium,992-81-8364,"Engineer, control and instrumentation",Botswana,UT,North Brady,84076
Vincent,Black,Monaco,Fox,Battlefield,993-71-7304,"Designer, exhibition/display",Monaco,NC,Lake Mariamouth,28483
Teresa,Middleton,El Salvador,Marth,Yoshi's Story,902-70-8731,Financial risk analyst,El Salvador,TX,West Bryanview,73301
Mark,Gibson,Ghana,Peach,Fountain of Dreams,907-95-1802,Mechanical engineer,Ghana,VT,Harveyhaven,05241
Crystal,Ortiz,Hungary,Fox,Battlefield,998-92-5354,Bonds trader,Hungary,PA,New Leonard,17802
Molly,Moran,El Salvador,Peach,Yoshi's Story,997-78-9989,"Research officer, political party",El Salvador,OK,East Robertmouth,73003
William,Glover,Micronesia,Jigglypuff,Pokemon Stadium,960-73-8734,Nature conservation officer,Micronesia,AL,Joshuaberg,35158
Peter,Barber,Saint Lucia,Sheik,Dreamland N64,951-87-8091,"Surveyor, mining",Saint Lucia,LA,South Alexander,70881
Makayla,Walters,Bouvet Island (Bouvetoya),Ice Climbers,Battlefield,936-77-7328,"Journalist, magazine",Bouvet Island (Bouvetoya),WA,Port Catherineville,98392
David,Hale,Sierra Leone,Sheik,Yoshi's Story,939-79-7848,"Horticulturist, amenity",Sierra Leone,WV,Elizabethland,25966
Kelly,Perkins,Faroe Islands,Falco,Final Destination,923-95-5976,"Editor, commissioning",Faroe Islands,WI,South Claudiaview,53568
Christopher,Pearson,Haiti,Sheik,Fountain of Dreams,942-70-7919,Tax inspector,Haiti,AK,Romeroborough,99603
Marcus,Cobb,Vietnam,Peach,Yoshi's Story,949-95-3796,"Therapist, speech and language",Vietnam,UT,Lake Joe,84295
Daniel,Davis,Russian Federation,Fox,Final Destination,997-83-9895,Event organiser,Russian Federation,ND,Dickersonberg,58020
Ryan,Wall,Tanzania,Fox,Dreamland N64,938-82-8139,Research scientist (physical sciences),Tanzania,KS,Clarktown,66104
Rebecca,Aguirre,Switzerland,Ice Climbers,Battlefield,956-81-4766,Midwife,Switzerland,WA,New Jorgeport,99333
Deborah,Rasmussen,Egypt,Ice Climbers,Fountain of Dreams,968-98-1835,Education administrator,Egypt,NV,Alicemouth,89584
Kristen,Jimenez,Sri Lanka,Captain Falcon,Yoshi's Story,920-82-9369,Barrister,Sri Lanka,CA,West Jasmine,93470
Jessica,Cantu,Palestinian Territory,Peach,Final Destination,947-91-8273,Arts administrator,Palestinian Territory,IN,Julieville,46179
Thomas,Rodriguez,Uganda,Ice Climbers,Battlefield,950-88-1259,"Designer, ceramics/pottery",Uganda,TX,Justinview,73301
Alexandria,Doyle,Uruguay,Luigi,Pokemon Stadium,909-98-4575,Sports therapist,Uruguay,SC,North Stephaniebury,29660
Jonathan,Maxwell,Poland,Jigglypuff,Dreamland N64,999-80-7283,Human resources officer,Poland,VT,West Kellytown,05228
Melissa,Diaz,Oman,Sheik,Battlefield,908-82-7100,"Surveyor, quantity",Oman,ND,Lake Francis,58776
Justin,Davis,Equatorial Guinea,Sheik,Yoshi's Story,917-73-3537,Sales executive,Equatorial Guinea,NM,Schultzland,87933
Cameron,Gardner,Guinea,Falco,Battlefield,940-75-3099,Multimedia programmer,Guinea,HI,New Benjaminburgh,96718
Kimberly,Wood,Macao,Marth,Final Destination,904-82-5922,Wellsite geologist,Macao,SD,Port Calebton,57390
Jeffrey,Adkins,Italy,Jigglypuff,Battlefield,976-74-5716,Estate agent,Italy,KY,Lewisland,40160
Sierra,Sims,Libyan Arab Jamahiriya,Ganondorf,Dreamland N64,902-70-2750,Proofreader,Libyan Arab Jamahiriya,ID,Port Alyssastad,83854
Gabrielle,Patterson,Dominican Republic,Ice Climbers,Battlefield,938-92-0090,Field trials officer,Dominican Republic,OH,Heathertown,44813
Andrea,Jensen,United Arab Emirates,Ice Climbers,Fountain of Dreams,913-84-3965,Product manager,United Arab Emirates,NV,New Michelletown,89356
John,Long,Romania,Captain Falcon,Fountain of Dreams,907-77-9611,Building control surveyor,Romania,OH,Cookside,45987
Carlos,Garner,Maldives,Marth,Fountain of Dreams,978-75-4007,Radiation protection practitioner,Maldives,HI,South David,96878
Jonathan,Foster,Cambodia,Young Link,Final Destination,989-90-1472,Barrister,Cambodia,MS,South Ginaland,39082
Vincent,Jensen,Mozambique,Falco,Pokemon Stadium,912-91-9764,"Librarian, academic",Mozambique,AL,Arnoldhaven,35488
Marc,Moss,Iraq,Fox,Fountain of Dreams,915-94-1783,"Psychologist, educational",Iraq,WV,Port Rossshire,25099
Ryan,Smith,Brazil,Luigi,Yoshi's Story,910-72-9594,Youth worker,Brazil,DC,East Timothy,20031
Jessica,Matthews,Tuvalu,Captain Falcon,Yoshi's Story,970-81-7158,Tour manager,Tuvalu,GA,West Monicachester,31422
Kristen,Conley,Botswana,Fox,Pokemon Stadium,983-77-4946,Research scientist (medical),Botswana,NJ,Lucasshire,08235
Diana,Scott,Spain,Jigglypuff,Final Destination,979-78-6260,Biomedical engineer,Spain,ID,Lake Ashleyhaven,83804
Jeffrey,Howard,Costa Rica,Captain Falcon,Battlefield,939-97-7263,Metallurgist,Costa Rica,VA,Thomasview,20040
Anna,Burns,Cyprus,Peach,Battlefield,979-73-4216,Chartered management accountant,Cyprus,GA,South Nicolebury,30084
Nicole,Rodriguez,Yemen,Captain Falcon,Dreamland N64,944-88-5722,Immigration officer,Yemen,CO,Amyberg,81498
Kimberly,Rodriguez,Panama,Luigi,Yoshi's Story,927-86-2231,Systems developer,Panama,DC,Morrisonside,20021
Ann,Martin,Guinea-Bissau,Sheik,Pokemon Stadium,926-87-8514,Structural engineer,Guinea-Bissau,RI,Martintown,02859
Dawn,Neal,Heard Island and McDonald Islands,Captain Falcon,Dreamland N64,944-97-0376,Lawyer,Heard Island and McDonald Islands,NV,West Jessicachester,89611
Shannon,Thomas,Nicaragua,Sheik,Yoshi's Story,915-83-5202,Tax adviser,Nicaragua,AR,Rhondachester,72211
Katie,Jones,Bahrain,Falco,Pokemon Stadium,933-79-6453,"Engineer, broadcasting (operations)",Bahrain,OK,Sandraton,73180
Randy,Williams,Costa Rica,Ice Climbers,Fountain of Dreams,952-71-5508,"Scientist, research (life sciences)",Costa Rica,KS,Brianshire,66396
Kyle,Diaz,Moldova,Peach,Pokemon Stadium,960-97-7588,"Programmer, applications",Moldova,TN,Port Kevin,37593
Jill,Perry,China,Young Link,Dreamland N64,924-76-5668,"Social research officer, government",China,GA,North Angelaland,31828
Mary,Brooks,Suriname,Young Link,Pokemon Stadium,930-95-7713,Pathologist,Suriname,OH,Robertborough,45298
Robert,Wilson,Equatorial Guinea,Captain Falcon,Fountain of Dreams,983-74-8418,Accounting technician,Equatorial Guinea,CT,Lesterchester,06386
Dana,Knight,Palau,Young Link,Battlefield,939-80-5935,Meteorologist,Palau,CA,Jesseburgh,93821
James,Shepard,French Guiana,Captain Falcon,Dreamland N64,972-97-3674,"Production assistant, radio",French Guiana,OR,North Frank,97497
Matthew,Williams,France,Jigglypuff,Dreamland N64,911-98-7076,Hospital pharmacist,France,NM,South Elizabethhaven,87606
Brenda,Garza,Nauru,Young Link,Battlefield,939-79-9715,Chiropractor,Nauru,PA,Kylemouth,16510
Christina,Chapman,French Polynesia,Sheik,Dreamland N64,912-98-9234,"Journalist, broadcasting",French Polynesia,CO,Rachelfort,80826
Melissa,Rodriguez,Jersey,Ice Climbers,Pokemon Stadium,982-83-9834,"Presenter, broadcasting",Jersey,KS,North Staceybury,66070
Danielle,Nguyen,Paraguay,Marth,Yoshi's Story,967-71-8987,Computer games developer,Paraguay,NM,Obrienstad,87535
Sheila,Brown,Mongolia,Captain Falcon,Final Destination,980-90-4703,Secondary school teacher,Mongolia,NV,Hansentown,89449
Holly,Stuart,Russian Federation,Luigi,Dreamland N64,990-76-9111,Patent examiner,Russian Federation,DC,South Nicholas,20012
Christopher,Oneill,Sao Tome and Principe,Sheik,Yoshi's Story,907-86-8646,Orthoptist,Sao Tome and Principe,MD,Jacksonport,20331
Sabrina,Mitchell,Liechtenstein,Marth,Pokemon Stadium,956-96-2769,Ergonomist,Liechtenstein,MN,South Robert,56461
John,Mendez,Kuwait,Captain Falcon,Yoshi's Story,958-75-5721,"Administrator, local government",Kuwait,OK,Port Angela,73148
Shannon,Phillips,Dominica,Peach,Fountain of Dreams,976-91-1196,"Lighting technician, broadcasting/film/video",Dominica,NH,Henrymouth,03576
Julia,Greene,Denmark,Falco,Final Destination,956-96-3873,English as a foreign language teacher,Denmark,UT,Torresland,84081
Lisa,Johnson,Malaysia,Captain Falcon,Yoshi's Story,929-74-6877,Ergonomist,Malaysia,NV,Mayoland,89744
Erin,Thompson,Bahamas,Young Link,Battlefield,909-79-3844,"Engineer, electrical",Bahamas,DC,Lake Tammie,20014
Kelly,Scott,Northern Mariana Islands,Peach,Dreamland N64,974-78-2020,Electronics engineer,Northern Mariana Islands,ND,West Amanda,58666
Cynthia,Curtis,Saint Helena,Jigglypuff,Fountain of Dreams,924-73-5387,Armed forces technical officer,Saint Helena,MI,West Jason,49319
Jennifer,Spencer,Bermuda,Sheik,Yoshi's Story,985-74-4120,"Civil engineer, contracting",Bermuda,TX,Christophermouth,73301
Martin,Davis,Saint Vincent and the Grenadines,Luigi,Fountain of Dreams,945-95-4284,Horticultural therapist,Saint Vincent and the Grenadines,AK,East Jeffrey,99600
Laura,Jones,Saint Barthelemy,Young Link,Yoshi's Story,916-75-2544,Counselling psychologist,Saint Barthelemy,HI,Victorland,96740
Lisa,Harris,Sierra Leone,Peach,Battlefield,925-72-8939,Police officer,Sierra Leone,UT,North Derrick,84345
Mark,Sanders,Indonesia,Captain Falcon,Pokemon Stadium,955-90-8555,Diagnostic radiographer,Indonesia,NC,West Michael,27448
Karen,Perry,Anguilla,Jigglypuff,Fountain of Dreams,974-87-0413,Wellsite geologist,Anguilla,ND,Pricestad,58450
Jill,Garcia,Libyan Arab Jamahiriya,Marth,Battlefield,946-84-3645,Photographer,Libyan Arab Jamahiriya,NV,New Anna,89556
Allison,Walker,Russian Federation,Peach,Yoshi's Story,985-80-1436,Chartered public finance accountant,Russian Federation,IN,West Joseph,46442
Dylan,Monroe,Marshall Islands,Young Link,Dreamland N64,944-70-5374,"Horticulturist, amenity",Marshall Islands,MD,New Timothy,20331
Dillon,Larsen,Sao Tome and Principe,Peach,Final Destination,904-94-7321,Higher education lecturer,Sao Tome and Principe,CT,West Nicolefort,06083
Joshua,Henson,Jersey,Peach,Pokemon Stadium,915-79-4895,Paramedic,Jersey,VA,Michaeltown,20041
Linda,Ball,Solomon Islands,Peach,Fountain of Dreams,922-86-6687,Product/process development scientist,Solomon Islands,VA,West Ruben,20041
Daniel,Weaver,Monaco,Sheik,Fountain of Dreams,932-81-6548,Chartered legal executive (England and Wales),Monaco,OK,Fosterton,73018
Emily,Porter,Aruba,Captain Falcon,Final Destination,944-77-2602,Sports coach,Aruba,UT,Sabrinaland,84435
Travis,Howell,Tokelau,Ganondorf,Battlefield,938-99-7639,Midwife,Tokelau,NH,South Caroline,03826
Joshua,Martin,Antigua and Barbuda,Peach,Battlefield,911-92-5417,Health service manager,Antigua and Barbuda,AK,Justinmouth,99543
Gina,Murphy,Albania,Fox,Fountain of Dreams,961-73-8870,Warden/ranger,Albania,OH,Hannaland,43909
Scott,Fletcher,Indonesia,Sheik,Battlefield,939-91-1332,"Editor, commissioning",Indonesia,SC,South Kathyhaven,29052
Bradley,Mckinney,Estonia,Sheik,Fountain of Dreams,935-77-6042,IT technical support officer,Estonia,SC,East Joshua,29869
Mary,Steele,Tanzania,Fox,Pokemon Stadium,949-91-1141,"Scientist, research (physical sciences)",Tanzania,DC,East Mitchellchester,20028
Michael,Aguilar,Cyprus,Fox,Final Destination,996-98-3557,Accounting technician,Cyprus,VT,Annaport,05217
Crystal,Wood,Jordan,Fox,Pokemon Stadium,945-92-6825,Dance movement psychotherapist,Jordan,MI,Chungburgh,48762
Michelle,Rogers,Western Sahara,Falco,Pokemon Stadium,964-94-3133,Recycling officer,Western Sahara,DE,Port Markton,19712
Samuel,Wall,Fiji,Ganondorf,Battlefield,947-86-6933,Chartered management accountant,Fiji,VT,North Amy,05021
Nicole,Boyd,Djibouti,Peach,Dreamland N64,927-91-4393,Hospital doctor,Djibouti,PA,Rogerschester,15517
Rhonda,Chavez,Mexico,Falco,Final Destination,973-85-0312,Health promotion specialist,Mexico,OR,West Karenhaven,97120
Jeremy,Miranda,Honduras,Jigglypuff,Pokemon Stadium,993-96-9523,Medical physicist,Honduras,ID,South Christopherville,83297
Angela,Edwards,Western Sahara,Young Link,Pokemon Stadium,936-75-6708,"Production designer, theatre/television/film",Western Sahara,AL,Jennyfurt,36608
Joseph,Bailey,Barbados,Peach,Battlefield,951-95-4356,"Investment banker, operational",Barbados,MI,Benderside,48690
James,Davis,Macedonia,Captain Falcon,Final Destination,932-74-8433,"Development worker, community",Macedonia,KS,Tonistad,66009
Timothy,Smith,Uruguay,Captain Falcon,Pokemon Stadium,905-91-4674,"Civil engineer, consulting",Uruguay,VT,Villatown,05271
Katherine,James,Guinea-Bissau,Marth,Dreamland N64,989-91-7210,Public house manager,Guinea-Bissau,MA,South Jenniferburgh,01013
Joel,Alexander,Somalia,Ganondorf,Final Destination,935-74-5430,Community education officer,Somalia,CO,Thompsonview,81091
Richard,Rodriguez,Macedonia,Marth,Final Destination,968-80-8348,"Scientist, audiological",Macedonia,ID,North Jonathanport,83321
Kevin,Liu,Montenegro,Luigi,Fountain of Dreams,904-95-5113,Health service manager,Montenegro,UT,Meyerland,84019
Lisa,Lee,United Arab Emirates,Jigglypuff,Dreamland N64,954-76-7144,Wellsite geologist,United Arab Emirates,NV,Port Scott,89388
Kimberly,Rice,Djibouti,Young Link,Pokemon Stadium,997-84-0610,Operations geologist,Djibouti,NJ,Jamiebury,08091
Michelle,Turner,Denmark,Falco,Dreamland N64,988-83-7545,Charity officer,Denmark,FL,Lake Barryburgh,33083
Daniel,Richards,Switzerland,Captain Falcon,Fountain of Dreams,976-92-8476,Bonds trader,Switzerland,GA,Port Morganton,31060
Kimberly,Hubbard,Georgia,Marth,Dreamland N64,923-74-9838,Drilling engineer,Georgia,NJ,Michaelland,07416
Christopher,Hernandez,Iran,Young Link,Dreamland N64,924-73-6465,Graphic designer,Iran,ND,Elizabethshire,58742
Alexandra,Bell,Gibraltar,Young Link,Battlefield,914-84-4632,"Buyer, retail",Gibraltar,HI,Torresfort,96741
April,Gardner,Equatorial Guinea,Young Link,Fountain of Dreams,978-75-2865,Public relations account executive,Equatorial Guinea,SC,West Alyssachester,29937
Michael,Love,Bosnia and Herzegovina,Sheik,Battlefield,921-82-0355,Personnel officer,Bosnia and Herzegovina,WA,South Dylanshire,98795
Maria,Harris,Tanzania,Luigi,Battlefield,988-72-1076,Retail buyer,Tanzania,KS,Lake Vanessaville,67355
Patrick,Gonzalez,Burkina Faso,Jigglypuff,Battlefield,921-96-3413,"Civil engineer, contracting",Burkina Faso,NE,Port Stephanieport,68079
Michael,Martin,Cape Verde,Young Link,Dreamland N64,943-80-8206,Orthoptist,Cape Verde,OR,Davisburgh,97094
Austin,Cameron,Svalbard & Jan Mayen Islands,Fox,Final Destination,976-97-0100,"Education officer, museum",Svalbard & Jan Mayen Islands,MO,Clarkfurt,63995
Daniel,Alvarez,El Salvador,Young Link,Yoshi's Story,963-72-2547,Pathologist,El Salvador,IN,Staceyberg,47234
Peter,Tanner,Macedonia,Jigglypuff,Final Destination,937-95-7047,"Surveyor, building control",Macedonia,CT,South Jeffrey,06044
Lorraine,Evans,Cuba,Sheik,Pokemon Stadium,904-70-5058,Health physicist,Cuba,NM,Cervantesberg,87674
Erica,Moore,Hong Kong,Jigglypuff,Battlefield,971-79-8478,"Civil engineer, consulting",Hong Kong,AL,Tamarafort,35702
Kelli,Macdonald,Swaziland,Fox,Final Destination,984-84-8023,Armed forces technical officer,Swaziland,WY,Fischerchester,82854
Nicholas,Richardson,Guatemala,Marth,Dreamland N64,961-70-3852,"Administrator, Civil Service",Guatemala,MN,Simmonsville,56170
Carmen,Brooks,Qatar,Captain Falcon,Battlefield,944-77-5345,"Surveyor, planning and development",Qatar,ME,New Gregorychester,04437
Ellen,Vazquez,Bouvet Island (Bouvetoya),Sheik,Dreamland N64,968-96-6011,Physiological scientist,Bouvet Island (Bouvetoya),AK,Roymouth,99621
John,Williams,Namibia,Sheik,Fountain of Dreams,971-97-9725,Fisheries officer,Namibia,OR,Stanleytown,97453
Anthony,Jordan,Tonga,Luigi,Fountain of Dreams,915-75-2384,"Doctor, hospital",Tonga,IL,West Andrew,62040
Lisa,Bell,Taiwan,Falco,Fountain of Dreams,904-84-0014,"Editor, film/video",Taiwan,AR,New Andrew,72385
Jonathan,Perez,Pitcairn Islands,Captain Falcon,Final Destination,951-96-1672,"Horticulturist, commercial",Pitcairn Islands,SD,South Monicafurt,57781
Samantha,Reid,Cambodia,Sheik,Battlefield,965-91-9684,Musician,Cambodia,MA,Mooreside,01836
Pamela,Jackson,Sweden,Captain Falcon,Yoshi's Story,973-77-7474,Accounting technician,Sweden,PA,Cassandrastad,18680
Michael,Parker,Latvia,Peach,Yoshi's Story,971-86-1515,Pension scheme manager,Latvia,AK,Lake Albertchester,99722
Elizabeth,Reyes,Lithuania,Sheik,Dreamland N64,987-71-5019,"Therapist, art",Lithuania,CA,Josephhaven,93475
Ashley,Brown,Bulgaria,Peach,Dreamland N64,987-84-8592,Biomedical engineer,Bulgaria,OK,Tammychester,73148
Tyler,Owens,Guadeloupe,Young Link,Fountain of Dreams,944-97-9183,Town planner,Guadeloupe,MS,East Richard,39594
Ashley,Compton,Cayman Islands,Peach,Dreamland N64,972-91-3445,Jewellery designer,Cayman Islands,IN,North Stevenland,47121
Tammy,Ellis,Isle of Man,Captain Falcon,Dreamland N64,909-86-9391,"Nurse, mental health",Isle of Man,NJ,Kimberlyland,07844
Christopher,Hanna,Ecuador,Sheik,Battlefield,994-78-2177,Environmental health practitioner,Ecuador,WY,New Alexandershire,82454
Marilyn,Lee,Ghana,Sheik,Battlefield,919-81-4311,Youth worker,Ghana,SD,East Jasminefurt,57687
James,Thomas,Belarus,Sheik,Final Destination,914-75-1775,Neurosurgeon,Belarus,MO,Stephanieberg,64336
Melissa,Austin,San Marino,Luigi,Dreamland N64,976-90-5914,Nature conservation officer,San Marino,LA,New Henry,70595
Sharon,Brown,Congo,Luigi,Dreamland N64,978-74-7502,Medical illustrator,Congo,OR,West Andrewfort,97573
Jacob,Green,Malta,Fox,Battlefield,902-77-4050,Advertising account planner,Malta,ID,South Walterport,83812
Kyle,Barr,United Arab Emirates,Ganondorf,Final Destination,976-73-2028,"Lecturer, higher education",United Arab Emirates,TN,East Davidmouth,37856
Megan,Rice,Georgia,Ganondorf,Dreamland N64,952-96-9545,Environmental education officer,Georgia,UT,Hortonmouth,84722
Kevin,Gonzalez,French Southern Territories,Young Link,Pokemon Stadium,946-72-2674,"Surveyor, insurance",French Southern Territories,CT,Shortland,06312
William,Williams,Mongolia,Fox,Battlefield,936-77-0783,Electrical engineer,Mongolia,NV,New Timothystad,89882
Carl,Jones,Bolivia,Ganondorf,Battlefield,905-98-7996,Plant breeder/geneticist,Bolivia,WI,Port Kevinborough,53386
Sarah,Thompson,Algeria,Captain Falcon,Fountain of Dreams,918-97-9361,Health and safety adviser,Algeria,NM,West Lisaville,87271
Daniel,Stewart,Benin,Ganondorf,Battlefield,966-76-2721,Passenger transport manager,Benin,IN,Brittanyborough,47921
Jeffrey,Gross,South Africa,Fox,Dreamland N64,916-95-5098,Volunteer coordinator,South Africa,GA,Herreraland,31191
Miranda,Molina,Turkey,Ice Climbers,Yoshi's Story,994-91-3839,"Conservator, furniture",Turkey,IL,East Mikayla,61080
Mary,Johnson,Japan,Luigi,Pokemon Stadium,917-94-4251,Advertising account planner,Japan,AZ,South Robert,86110
Paula,Larsen,Poland,Young Link,Final Destination,929-73-5400,Private music teacher,Poland,ME,Brandonshire,04750
Eric,Lucero,Vanuatu,Captain Falcon,Fountain of Dreams,969-72-1381,Contractor,Vanuatu,SC,Marshallton,29313
William,Clark,Trinidad and Tobago,Ganondorf,Fountain of Dreams,943-70-0834,Catering manager,Trinidad and Tobago,MI,Caldwellberg,49614
Stephanie,Schneider,Lebanon,Captain Falcon,Fountain of Dreams,956-76-6742,"Programmer, systems",Lebanon,TN,West Michaelmouth,38196
Julie,Santiago,Aruba,Sheik,Pokemon Stadium,995-71-2606,Curator,Aruba,MA,Lewisville,02034
Amanda,Sutton,Jordan,Fox,Yoshi's Story,933-88-6918,Local government officer,Jordan,ID,West Jenniferhaven,83436
Emily,Morgan,Norfolk Island,Ganondorf,Final Destination,996-97-3877,"Exhibitions officer, museum/gallery",Norfolk Island,NJ,North Mary,07252
Diane,Meadows,San Marino,Sheik,Pokemon Stadium,959-77-8507,Bonds trader,San Marino,WA,Mariaville,99154
Charles,Wise,Micronesia,Peach,Dreamland N64,923-85-3928,Music tutor,Micronesia,OK,West Katrina,73046
Michelle,Adams,Niue,Sheik,Pokemon Stadium,928-72-5844,"Engineer, aeronautical",Niue,NH,Collinschester,03652
Cindy,Hicks,Djibouti,Ice Climbers,Yoshi's Story,908-92-1573,Restaurant manager,Djibouti,WA,Port Alicia,98604
Mary,Malone,Saint Vincent and the Grenadines,Falco,Fountain of Dreams,979-82-6765,Investment analyst,Saint Vincent and the Grenadines,PA,East Tinaland,16771
Jeremy,Bowers,Nepal,Peach,Battlefield,940-75-2999,Multimedia specialist,Nepal,AZ,Port Lisaland,85586
Duane,Conley,South Africa,Peach,Pokemon Stadium,966-90-4012,"Conservation officer, historic buildings",South Africa,AR,Loriburgh,72133
Gerald,Espinoza,Costa Rica,Captain Falcon,Final Destination,997-78-7792,Public affairs consultant,Costa Rica,CT,Lake Stephaniemouth,06177
Melanie,White,Isle of Man,Young Link,Fountain of Dreams,930-92-6134,Land/geomatics surveyor,Isle of Man,NJ,Rodriguezstad,07606
Mark,Mcclure,Anguilla,Young Link,Yoshi's Story,914-99-1246,Radio producer,Anguilla,WA,South Joshua,98642
Lori,Montgomery,France,Captain Falcon,Yoshi's Story,976-83-1200,Volunteer coordinator,France,UT,New Matthew,84560
Cody,Hampton,Mauritius,Ice Climbers,Pokemon Stadium,968-92-5884,"Librarian, public",Mauritius,DC,Barronhaven,20007
Larry,Ford,Tokelau,Jigglypuff,Pokemon Stadium,920-99-0667,"Librarian, academic",Tokelau,NC,Glennbury,28869
James,Richardson,Equatorial Guinea,Peach,Fountain of Dreams,960-98-6387,Oncologist,Equatorial Guinea,FL,North Timothyborough,33361
Zachary,Fox,Djibouti,Fox,Final Destination,970-97-7813,Music therapist,Djibouti,TX,Arroyoport,73301
Kim,Barnett,Portugal,Peach,Pokemon Stadium,938-87-0722,"Designer, ceramics/pottery",Portugal,NE,South David,68004
Angela,Jones,Saint Martin,Luigi,Yoshi's Story,965-77-3933,Patent examiner,Saint Martin,NY,East Lance,06390
Daniel,Doyle,Eritrea,Captain Falcon,Dreamland N64,969-92-1421,"Teacher, special educational needs",Eritrea,NH,Hollyview,03481
Jeffrey,Whitaker,Slovakia (Slovak Republic),Captain Falcon,Final Destination,907-94-2183,Hospital doctor,Slovakia (Slovak Republic),IN,Nicholasbury,46018
Jack,Coleman,Cocos (Keeling) Islands,Young Link,Pokemon Stadium,965-80-4278,Office manager,Cocos (Keeling) Islands,WA,Staceyfurt,99172
Julie,Hanson,Korea,Peach,Dreamland N64,918-80-6480,Osteopath,Korea,NJ,Dylanport,08615
Taylor,Taylor,Croatia,Captain Falcon,Fountain of Dreams,947-95-1161,Animal technologist,Croatia,WV,Olsenstad,26031
Devon,Torres,Belgium,Luigi,Yoshi's Story,921-79-8122,Data processing manager,Belgium,FL,Dominguezton,33864
Martin,Flores,Macao,Falco,Final Destination,912-83-6681,Industrial/product designer,Macao,RI,Boothburgh,02936
Linda,Howard,Afghanistan,Marth,Pokemon Stadium,978-79-1718,Building control surveyor,Afghanistan,MT,East Ericahaven,59063
Natalie,Clark,Taiwan,Fox,Final Destination,988-79-7444,Transport planner,Taiwan,NV,Laurafurt,89765
Jeff,Coleman,Macedonia,Young Link,Dreamland N64,920-75-0071,Volunteer coordinator,Macedonia,AK,Lake Frank,99848
Christine,Green,Hong Kong,Marth,Battlefield,936-74-4612,Product manager,Hong Kong,WI,Devonfort,53649
Isaiah,Smith,Tajikistan,Young Link,Pokemon Stadium,955-95-3741,Event organiser,Tajikistan,WY,South Jeremiahborough,82292
Stephanie,Long,Northern Mariana Islands,Captain Falcon,Fountain of Dreams,959-75-9584,Barrister,Northern Mariana Islands,HI,Williamschester,96728
Deborah,Parks,Mayotte,Marth,Yoshi's Story,915-96-6227,Careers information officer,Mayotte,KY,Brandonfurt,41792
Alexandra,Miller,Egypt,Ganondorf,Final Destination,908-87-8463,Plant breeder/geneticist,Egypt,TX,Jessicamouth,73301
Kelly,Deleon,Costa Rica,Ice Climbers,Pokemon Stadium,972-87-2244,Health service manager,Costa Rica,CT,Michaelshire,06318
James,Gonzales,French Southern Territories,Marth,Final Destination,964-99-4942,Arts development officer,French Southern Territories,NV,Brendatown,88917
Joseph,Bowen,Montenegro,Marth,Dreamland N64,987-77-3571,"Investment banker, corporate",Montenegro,KY,Port John,40441
Theresa,Dominguez,Ireland,Ice Climbers,Pokemon Stadium,938-82-0395,Transport planner,Ireland,LA,Lake Alexandra,70329
Julie,Harvey,Equatorial Guinea,Luigi,Final Destination,926-85-7349,Fisheries officer,Equatorial Guinea,TX,Jonesborough,73301
Thomas,Fernandez,Benin,Captain Falcon,Yoshi's Story,921-90-6764,Insurance risk surveyor,Benin,MS,West Kennethchester,39591
Nancy,Barnes,Bhutan,Fox,Final Destination,997-70-3949,"Designer, industrial/product",Bhutan,NJ,Port Ethan,07461
Amy,Henderson,United States Virgin Islands,Jigglypuff,Battlefield,998-83-3296,Physiological scientist,United States Virgin Islands,GA,Rebekahtown,31522
Ashley,Cannon,Greenland,Fox,Pokemon Stadium,930-73-2782,Medical illustrator,Greenland,CT,West Anthonyview,06357
Amanda,Butler,India,Marth,Final Destination,953-83-4900,"Solicitor, Scotland",India,VT,East Benjamin,05200
Brandon,Chapman,Wallis and Futuna,Peach,Final Destination,952-71-4293,Audiological scientist,Wallis and Futuna,SC,Brandonport,29322
Robert,Bailey,Central African Republic,Young Link,Dreamland N64,928-99-6700,Multimedia specialist,Central African Republic,MN,South Jon,55532
Martin,Casey,South Africa,Sheik,Final Destination,961-87-8470,Multimedia programmer,South Africa,MS,Port Michaelton,38658
Jordan,Sellers,Aruba,Fox,Dreamland N64,945-77-1214,Textile designer,Aruba,MT,Davidville,59604
Brandy,Klein,Malawi,Captain Falcon,Final Destination,904-92-7696,"Social research officer, government",Malawi,DE,Port Linda,19701
Micheal,Scott,Gibraltar,Sheik,Battlefield,994-80-6712,Museum education officer,Gibraltar,KS,West Marktown,66575
Candice,Lowe,Slovenia,Fox,Fountain of Dreams,902-70-9820,Charity fundraiser,Slovenia,MD,Phamview,20331
Stephen,Graham,Norfolk Island,Marth,Final Destination,965-77-8236,Cytogeneticist,Norfolk Island,PA,Lake Ralph,17770
Brittany,Shaw,Madagascar,Young Link,Battlefield,974-94-3620,Early years teacher,Madagascar,TX,North Jennabury,73301
Jacob,Thomas,Sierra Leone,Falco,Fountain of Dreams,928-88-9225,"Engineer, mining",Sierra Leone,NV,Gonzalesville,89432
Tracy,Thomas,Saint Kitts and Nevis,Ice Climbers,Yoshi's Story,951-91-9974,Recruitment consultant,Saint Kitts and Nevis,NM,Port Annamouth,87375
Gloria,Hernandez,Benin,Luigi,Final Destination,970-76-4289,Wellsite geologist,Benin,OH,East Ericfurt,43349
Destiny,Evans,Canada,Ice Climbers,Pokemon Stadium,901-81-3765,Bookseller,Canada,WY,West Jacob,82870
Karen,Kane,Isle of Man,Sheik,Yoshi's Story,958-87-5127,Web designer,Isle of Man,RI,Port Amyland,02871
Joseph,Salinas,Isle of Man,Ice Climbers,Yoshi's Story,964-78-4825,"Development worker, international aid",Isle of Man,DE,East Chris,19704
James,Bowen,Saint Pierre and Miquelon,Ice Climbers,Yoshi's Story,976-80-1558,Outdoor activities/education manager,Saint Pierre and Miquelon,NV,Walkerberg,89657
Brandon,Silva,India,Fox,Yoshi's Story,969-84-9558,Veterinary surgeon,India,MD,Port Tammyborough,20331
Larry,Reese,Sri Lanka,Jigglypuff,Pokemon Stadium,948-91-4498,Human resources officer,Sri Lanka,IN,Shepardmouth,46880
David,Mcgee,Botswana,Captain Falcon,Dreamland N64,975-78-6320,Art therapist,Botswana,MA,Whitakerburgh,02220
Ashley,Schultz,Russian Federation,Falco,Pokemon Stadium,952-99-3105,Chartered loss adjuster,Russian Federation,LA,Pamelafort,71114
Bryan,Vazquez,United States Minor Outlying Islands,Ganondorf,Battlefield,998-76-1150,Operational researcher,United States Minor Outlying Islands,SC,Robertsonbury,29600
Jennifer,Kelly,Martinique,Marth,Final Destination,955-73-2421,Software engineer,Martinique,WI,Davidhaven,54924
Victoria,Jones,Greenland,Young Link,Final Destination,926-90-3074,Archivist,Greenland,OH,Jasonside,45617
Brittany,Johnson,Northern Mariana Islands,Young Link,Pokemon Stadium,960-74-2267,Social worker,Northern Mariana Islands,HI,South Mary,96770
Hannah,Grant,Pitcairn Islands,Marth,Battlefield,929-74-0144,"Engineer, electrical",Pitcairn Islands,SC,Villarrealfort,29031
Jason,Copeland,Mayotte,Sheik,Dreamland N64,942-96-9849,"Programmer, applications",Mayotte,MT,East Emilyhaven,59878
Edward,Torres,Cyprus,Captain Falcon,Fountain of Dreams,920-73-8812,Fitness centre manager,Cyprus,PA,South Brandonview,16320
Benjamin,Castro,United States Minor Outlying Islands,Fox,Fountain of Dreams,993-82-1377,Hotel manager,United States Minor Outlying Islands,SC,Williamsview,29183
Ruth,Coleman,Russian Federation,Young Link,Final Destination,927-92-8487,Civil Service administrator,Russian Federation,WA,Lake Sandra,98742
Elizabeth,Vaughan,Reunion,Jigglypuff,Dreamland N64,998-94-2993,Retail banker,Reunion,WY,Hessberg,82160
Timothy,Myers,Indonesia,Captain Falcon,Pokemon Stadium,951-84-5195,Mental health nurse,Indonesia,CT,West Michael,06246
John,Payne,Myanmar,Fox,Final Destination,970-70-4718,Clinical research associate,Myanmar,FL,Stevenville,34518
